[
    {
     "id":111,
     "name":"java programing",
     "cost":"4000",
     "author":"James Goshling"
  
     },
  
    {
    "id":112,
    "name":"c programing",
    "cost":"2000",
    "author":"charles"
    
    },

    {
        "id":113,
        "name":"cpp programing",
        "cost":"3000",
        "author":"James Cameron"
        
        },

    {
        "id":114,
        "name":"php programing",
        "cost":"1000",
        "author":"fleming"
        
        },

    {
        "id":115,
        "name":"sql programing",
        "cost":"4500",
        "author":"Johnson"
        
        },

    {
        "id":116,
        "name":"cloud programing",
        "cost":"8000",
        "author":"warner"
        
        }
   
  ]